code_etudiant;code_groupe
"Nour Fakhfakh";CO13
"Sara Mansour";CO13
"Ali Mabrouk";CO13
"Salma Khaldi";CO13
"Amine Ben Amor";CO13
"Ali Gharbi";"CO13 CR 1"
"Amine Ayari";"CO13 CR 1"
"Hassan Kacem";"CO13 CR 1"
"Mohamed Gharbi";"CO13 CR 1"
"Sara Hafsi";"CO13 CR 1"
"Maya Trabelsi";"CO13 CR 2"
"Salma Mabrouk";"CO13 CR 2"
"Mohamed Gharbi";"CO13 CR 2"
"Aya Ben Amor";"CO13 CR 2"
"Amine Gharbi";"CO13 CR 2"
"Youssef Jaziri";"CO13 Ex 1"
"Nour Kacem";"CO13 Ex 1"
"Sara Mahjoub";"CO13 Ex 1"
"Karim Ayari";"CO13 Ex 1"
"Mouna Mansour";"CO13 Ex 1"
"Lina Haddad";"CO13 Ex 2"
"Ahmed Hafsi";"CO13 Ex 2"
"Nour Saidi";"CO13 Ex 2"
"Karim Mabrouk";"CO13 Ex 2"
"Nour Saidi";"CO13 Ex 2"
"Omar Khaldi";"CO13 Ex 3"
"Salma Gharbi";"CO13 Ex 3"
"Youssef Mabrouk";"CO13 Ex 3"
"Aya Mahjoub";"CO13 Ex 3"
"Karim Ayari";"CO13 Ex 3"
"Amine Haddad";"CO13 TD 1"
"Omar Khaldi";"CO13 TD 1"
"Lina Trabelsi";"CO13 TD 1"
"Karim Haddad";"CO13 TD 1"
"Ahmed Fakhfakh";"CO13 TD 1"
"Ahmed Mahjoub";"CO13 TD 2"
"Karim Jaziri";"CO13 TD 2"
"Mouna Hafsi";"CO13 TD 2"
"Maya Jaziri";"CO13 TD 2"
"Hassan Ben Amor";"CO13 TD 2"
"Youssef Fakhfakh";"CO13 TD 3"
"Ali Haddad";"CO13 TD 3"
"Sara Mansour";"CO13 TD 3"
"Salma Gharbi";"CO13 TD 3"
"Ali Haddad";"CO13 TD 3"
"Omar Mahjoub";"CO13 TD 4"
"Ali Benzarti";"CO13 TD 4"
"Omar Kacem";"CO13 TD 4"
"Salma Haddad";"CO13 TD 4"
"Salma Benzarti";"CO13 TD 4"
"Mouna Trabelsi";CO15
"Maya Gharbi";CO15
"Maya Kacem";CO15
"Hassan Ben Amor";CO15
"Amine Gharbi";CO15
"Maya Hafsi";"CO15 CR 1"
"Nour Hafsi";"CO15 CR 1"
"Mouna Benzarti";"CO15 CR 1"
"Lina Khaldi";"CO15 CR 1"
"Mohamed Haddad";"CO15 CR 1"
"Youssef Hafsi";"CO15 CR 2"
"Karim Saidi";"CO15 CR 2"
"Lina Gharbi";"CO15 CR 2"
"Karim Ben Amor";"CO15 CR 2"
"Salma Trabelsi";"CO15 CR 2"
"Sara Hafsi";"CO15 Ex 1"
"Mohamed Haddad";"CO15 Ex 1"
"Amine Haddad";"CO15 Ex 1"
"Youssef Fakhfakh";"CO15 Ex 1"
"Lina Ben Amor";"CO15 Ex 1"
"Maya Saidi";"CO15 Ex 2"
"Mohamed Mahjoub";"CO15 Ex 2"
"Youssef Haddad";"CO15 Ex 2"
"Omar Saidi";"CO15 Ex 2"
"Mouna Kacem";"CO15 Ex 2"
"Mohamed Mabrouk";"CO15 Ex 3"
"Omar Mansour";"CO15 Ex 3"
"Salma Hafsi";"CO15 Ex 3"
"Karim Jaziri";"CO15 Ex 3"
"Aya Mabrouk";"CO15 Ex 3"
"Mouna Khaldi";"CO15 Ex 4"
"Sara Fakhfakh";"CO15 Ex 4"
"Ahmed Saidi";"CO15 Ex 4"
"Sara Mahjoub";"CO15 Ex 4"
"Salma Gharbi";"CO15 Ex 4"
"Ahmed Ayari";"CO15 TD 1"
"Karim Ayari";"CO15 TD 1"
"Hassan Mansour";"CO15 TD 1"
"Ahmed Gharbi";"CO15 TD 1"
"Sara Khaldi";"CO15 TD 1"
"Mohamed Mansour";"CO15 TD 2"
"Salma Kacem";"CO15 TD 2"
"Sara Fakhfakh";"CO15 TD 2"
"Amine Fakhfakh";"CO15 TD 2"
"Sara Fakhfakh";"CO15 TD 2"
"Amine Gharbi";"CO15 TD 3"
"Mouna Khaldi";"CO15 TD 3"
"Lina Khaldi";"CO15 TD 3"
"Omar Saidi";"CO15 TD 3"
"Amine Mabrouk";"CO15 TD 3"
"Amine Ben Amor";"CO15 TD 4"
"Karim Trabelsi";"CO15 TD 4"
"Sara Saidi";"CO15 TD 4"
"Nour Jaziri";"CO15 TD 4"
"Salma Gharbi";"CO15 TD 4"
"Hassan Hafsi";FD53
"Mohamed Kacem";FD53
"Omar Mansour";FD53
"Hassan Gharbi";FD53
"Sara Khaldi";FD53
"Nour Benzarti";"FD53 Ex 1"
"Nour Ben Amor";"FD53 Ex 1"
"Ahmed Mansour";"FD53 Ex 1"
"Hassan Jaziri";"FD53 Ex 1"
"Ali Mansour";"FD53 Ex 1"
"Sara Gharbi";LA15
"Mouna Ayari";LA15
"Mouna Mahjoub";LA15
"Ali Haddad";LA15
"Maya Mahjoub";LA15
"Mouna Khaldi";"LA15 Ex 1"
"Nour Benzarti";"LA15 Ex 1"
"Salma Hafsi";"LA15 Ex 1"
"Salma Trabelsi";"LA15 Ex 1"
"Karim Trabelsi";"LA15 Ex 1"
"Youssef Khaldi";LB15
"Karim Fakhfakh";LB15
"Ali Hafsi";LB15
"Hassan Hafsi";LB15
"Hassan Gharbi";LB15
"Omar Trabelsi";"LB15 Ex 1"
"Aya Haddad";"LB15 Ex 1"
"Mohamed Hafsi";"LB15 Ex 1"
"Hassan Jaziri";"LB15 Ex 1"
"Ahmed Hafsi";"LB15 Ex 1"
"Amine Mahjoub";LC15
"Lina Ben Amor";LC15
"Amine Saidi";LC15
"Karim Haddad";LC15
"Ali Trabelsi";LC15
"Youssef Kacem";"LC15 Ex 1"
"Lina Mansour";"LC15 Ex 1"
"Ali Ayari";"LC15 Ex 1"
"Karim Haddad";"LC15 Ex 1"
"Aya Khaldi";"LC15 Ex 1"
"Aya Mansour";"LC15 Ex 2"
"Aya Ayari";"LC15 Ex 2"
"Lina Kacem";"LC15 Ex 2"
"Karim Fakhfakh";"LC15 Ex 2"
"Lina Benzarti";"LC15 Ex 2"
"Youssef Mabrouk";"LC15 Ex 3"
"Maya Kacem";"LC15 Ex 3"
"Lina Ben Amor";"LC15 Ex 3"
"Lina Benzarti";"LC15 Ex 3"
"Youssef Benzarti";"LC15 Ex 3"
"Nour Hafsi";"LC15 TD 1"
"Lina Mabrouk";"LC15 TD 1"
"Karim Gharbi";"LC15 TD 1"
"Mohamed Benzarti";"LC15 TD 1"
"Aya Jaziri";"LC15 TD 1"
"Maya Mabrouk";"LC15 TD 2"
"Ali Kacem";"LC15 TD 2"
"Mohamed Benzarti";"LC15 TD 2"
"Youssef Mahjoub";"LC15 TD 2"
"Ahmed Mabrouk";"LC15 TD 2"
"Maya Gharbi";LE11
"Mouna Hafsi";LE11
"Amine Ayari";LE11
"Amine Kacem";LE11
"Omar Haddad";LE11
"Ali Kacem";"LE11 CR 1"
"Mohamed Mansour";"LE11 CR 1"
"Mohamed Hafsi";"LE11 CR 1"
"Aya Fakhfakh";"LE11 CR 1"
"Aya Ayari";"LE11 CR 1"
"Ali Khaldi";"LE11 CR 2"
"Ahmed Mahjoub";"LE11 CR 2"
"Salma Fakhfakh";"LE11 CR 2"
"Youssef Kacem";"LE11 CR 2"
"Amine Hafsi";"LE11 CR 2"
"Ahmed Mahjoub";"LE11 CR 3"
"Lina Benzarti";"LE11 CR 3"
"Amine Khaldi";"LE11 CR 3"
"Karim Mabrouk";"LE11 CR 3"
"Salma Mahjoub";"LE11 CR 3"
"Sara Hafsi";"LE11 CR 4"
"Mohamed Khaldi";"LE11 CR 4"
"Ahmed Saidi";"LE11 CR 4"
"Ahmed Ayari";"LE11 CR 4"
"Aya Ayari";"LE11 CR 4"
"Lina Hafsi";"LE11 CR 5"
"Salma Ayari";"LE11 CR 5"
"Ahmed Khaldi";"LE11 CR 5"
"Salma Haddad";"LE11 CR 5"
"Youssef Khaldi";"LE11 CR 5"
"Mohamed Saidi";"LE11 CR 6"
"Aya Saidi";"LE11 CR 6"
"Ali Saidi";"LE11 CR 6"
"Hassan Khaldi";"LE11 CR 6"
"Karim Ayari";"LE11 CR 6"
"Mohamed Mahjoub";"LE11 CR 7"
"Mouna Kacem";"LE11 CR 7"
"Ahmed Khaldi";"LE11 CR 7"
"Youssef Ayari";"LE11 CR 7"
"Amine Mansour";"LE11 CR 7"
"Mohamed Benzarti";"LE11 CR 8"
"Mouna Ben Amor";"LE11 CR 8"
"Nour Saidi";"LE11 CR 8"
"Omar Saidi";"LE11 CR 8"
"Ahmed Mansour";"LE11 CR 8"
"Omar Gharbi";"LE11 CR 9"
"Ali Gharbi";"LE11 CR 9"
"Mouna Gharbi";"LE11 CR 9"
"Omar Ayari";"LE11 CR 9"
"Sara Ben Amor";"LE11 CR 9"
"Salma Kacem";"LE11 Ex 1"
"Salma Trabelsi";"LE11 Ex 1"
"Omar Hafsi";"LE11 Ex 1"
"Nour Haddad";"LE11 Ex 1"
"Mouna Benzarti";"LE11 Ex 1"
"Sara Mahjoub";"LE11 Ex 2"
"Salma Mansour";"LE11 Ex 2"
"Ali Hafsi";"LE11 Ex 2"
"Nour Jaziri";"LE11 Ex 2"
"Youssef Jaziri";"LE11 Ex 2"
"Omar Fakhfakh";"LE11 Ex 3"
"Salma Jaziri";"LE11 Ex 3"
"Karim Hafsi";"LE11 Ex 3"
"Mohamed Haddad";"LE11 Ex 3"
"Karim Khaldi";"LE11 Ex 3"
"Mouna Mabrouk";"LE11 Ex 4"
"Youssef Trabelsi";"LE11 Ex 4"
"Hassan Ayari";"LE11 Ex 4"
"Mouna Benzarti";"LE11 Ex 4"
"Amine Fakhfakh";"LE11 Ex 4"
"Amine Hafsi";"LE11 Ex 5"
"Salma Khaldi";"LE11 Ex 5"
"Hassan Khaldi";"LE11 Ex 5"
"Maya Jaziri";"LE11 Ex 5"
"Lina Khaldi";"LE11 Ex 5"
"Ahmed Trabelsi";"LE11 Ex 6"
"Omar Gharbi";"LE11 Ex 6"
"Karim Mahjoub";"LE11 Ex 6"
"Ali Ben Amor";"LE11 Ex 6"
"Ali Hafsi";"LE11 Ex 6"
"Sara Trabelsi";"LE11 Ex 7"
"Hassan Haddad";"LE11 Ex 7"
"Salma Mabrouk";"LE11 Ex 7"
"Nour Ayari";"LE11 Ex 7"
"Hassan Khaldi";"LE11 Ex 7"
"Karim Jaziri";"LE11 Ex 8"
"Maya Mansour";"LE11 Ex 8"
"Amine Hafsi";"LE11 Ex 8"
"Lina Benzarti";"LE11 Ex 8"
"Karim Hafsi";"LE11 Ex 8"
"Aya Fakhfakh";"LE11 Ex 9"
"Mohamed Mahjoub";"LE11 Ex 9"
"Salma Jaziri";"LE11 Ex 9"
"Nour Jaziri";"LE11 Ex 9"
"Aya Mabrouk";"LE11 Ex 9"
"Sara Haddad";"LE11 Ex 10"
"Ahmed Mahjoub";"LE11 Ex 10"
"Omar Benzarti";"LE11 Ex 10"
"Karim Ayari";"LE11 Ex 10"
"Sara Ben Amor";"LE11 Ex 10"
"Hassan Saidi";"LE11 Ex 11"
"Ali Fakhfakh";"LE11 Ex 11"
"Sara Hafsi";"LE11 Ex 11"
"Mohamed Gharbi";"LE11 Ex 11"
"Lina Haddad";"LE11 Ex 11"
"Youssef Trabelsi";"LE11 Ex 12"
"Sara Fakhfakh";"LE11 Ex 12"
"Ali Mansour";"LE11 Ex 12"
"Aya Benzarti";"LE11 Ex 12"
"Nour Gharbi";"LE11 Ex 12"
"Amine Khaldi";"LE11 Ex 13"
"Mouna Gharbi";"LE11 Ex 13"
"Ahmed Kacem";"LE11 Ex 13"
"Youssef Mahjoub";"LE11 Ex 13"
"Nour Trabelsi";"LE11 Ex 13"
"Ali Ayari";"LE11 Ex 14"
"Karim Saidi";"LE11 Ex 14"
"Omar Ben Amor";"LE11 Ex 14"
"Hassan Saidi";"LE11 Ex 14"
"Lina Gharbi";"LE11 Ex 14"
"Maya Fakhfakh";"LE11 Ex 15"
"Ahmed Mabrouk";"LE11 Ex 15"
"Lina Mahjoub";"LE11 Ex 15"
"Mohamed Kacem";"LE11 Ex 15"
"Mohamed Ben Amor";"LE11 Ex 15"
"Karim Ben Amor";"LE11 Ex 16"
"Hassan Kacem";"LE11 Ex 16"
"Mohamed Khaldi";"LE11 Ex 16"
"Mouna Hafsi";"LE11 Ex 16"
"Maya Haddad";"LE11 Ex 16"
"Ahmed Saidi";"LE11 Ex 17"
"Mohamed Mabrouk";"LE11 Ex 17"
"Salma Saidi";"LE11 Ex 17"
"Mouna Fakhfakh";"LE11 Ex 17"
"Mohamed Hafsi";"LE11 Ex 17"
"Hassan Fakhfakh";"LE11 Ex 18"
"Mouna Mabrouk";"LE11 Ex 18"
"Sara Benzarti";"LE11 Ex 18"
"Omar Trabelsi";"LE11 Ex 18"
"Aya Jaziri";"LE11 Ex 18"
"Hassan Fakhfakh";"LE11 Ex 19"
"Maya Kacem";"LE11 Ex 19"
"Maya Mabrouk";"LE11 Ex 19"
"Sara Ayari";"LE11 Ex 19"
"Youssef Ayari";"LE11 Ex 19"
"Karim Ayari";"LE11 Ex 20"
"Mouna Benzarti";"LE11 Ex 20"
"Nour Ayari";"LE11 Ex 20"
"Mouna Benzarti";"LE11 Ex 20"
"Salma Hafsi";"LE11 Ex 20"
"Maya Ben Amor";"LE11 Ex 21"
"Aya Mansour";"LE11 Ex 21"
"Aya Mansour";"LE11 Ex 21"
"Hassan Mabrouk";"LE11 Ex 21"
"Maya Jaziri";"LE11 Ex 21"
"Salma Fakhfakh";"LE11 Ex 22"
"Aya Trabelsi";"LE11 Ex 22"
"Ahmed Mansour";"LE11 Ex 22"
"Hassan Khaldi";"LE11 Ex 22"
"Mouna Gharbi";"LE11 Ex 22"
"Lina Ayari";"LE11 Ex 23"
"Amine Hafsi";"LE11 Ex 23"
"Aya Haddad";"LE11 Ex 23"
"Karim Gharbi";"LE11 Ex 23"
"Hassan Mansour";"LE11 Ex 23"
"Youssef Trabelsi";"LE11 Ex 24"
"Hassan Saidi";"LE11 Ex 24"
"Amine Ayari";"LE11 Ex 24"
"Nour Fakhfakh";"LE11 Ex 24"
"Salma Kacem";"LE11 Ex 24"
"Lina Fakhfakh";"LE11 Ex 25"
"Maya Haddad";"LE11 Ex 25"
"Ali Saidi";"LE11 Ex 25"
"Lina Mahjoub";"LE11 Ex 25"
"Salma Benzarti";"LE11 Ex 25"
"Maya Kacem";"LE11 Ex 26"
"Youssef Jaziri";"LE11 Ex 26"
"Ahmed Fakhfakh";"LE11 Ex 26"
"Salma Khaldi";"LE11 Ex 26"
"Ahmed Khaldi";"LE11 Ex 26"
"Ali Kacem";"LE11 Ex 27"
"Mohamed Khaldi";"LE11 Ex 27"
"Salma Ben Amor";"LE11 Ex 27"
"Lina Haddad";"LE11 Ex 27"
"Aya Mansour";"LE11 Ex 27"
"Maya Jaziri";"LE11 Ex 28"
"Omar Ayari";"LE11 Ex 28"
"Mohamed Mansour";"LE11 Ex 28"
"Ahmed Saidi";"LE11 Ex 28"
"Mohamed Mansour";"LE11 Ex 28"
"Amine Benzarti";"LE11 Ex 29"
"Ahmed Gharbi";"LE11 Ex 29"
"Salma Khaldi";"LE11 Ex 29"
"Nour Trabelsi";"LE11 Ex 29"
"Mohamed Hafsi";"LE11 Ex 29"
"Hassan Ben Amor";"LE11 Ex 30"
"Youssef Mansour";"LE11 Ex 30"
"Sara Fakhfakh";"LE11 Ex 30"
"Nour Kacem";"LE11 Ex 30"
"Lina Fakhfakh";"LE11 Ex 30"
"Amine Kacem";"LE11 Ex 31"
"Aya Mansour";"LE11 Ex 31"
"Karim Saidi";"LE11 Ex 31"
"Hassan Jaziri";"LE11 Ex 31"
"Ali Hafsi";"LE11 Ex 31"
"Aya Gharbi";"LE11 TD 1"
"Aya Ben Amor";"LE11 TD 1"
"Hassan Mansour";"LE11 TD 1"
"Mohamed Jaziri";"LE11 TD 1"
"Hassan Benzarti";"LE11 TD 1"
"Lina Mansour";"LE11 TD 2"
"Salma Ben Amor";"LE11 TD 2"
"Ali Gharbi";"LE11 TD 2"
"Nour Saidi";"LE11 TD 2"
"Amine Ben Amor";"LE11 TD 2"
"Omar Fakhfakh";"LE11 TD 3"
"Hassan Mansour";"LE11 TD 3"
"Ali Hafsi";"LE11 TD 3"
"Ali Mahjoub";"LE11 TD 3"
"Hassan Hafsi";"LE11 TD 3"
"Sara Ben Amor";"LE11 TD 4"
"Salma Saidi";"LE11 TD 4"
"Ali Mansour";"LE11 TD 4"
"Mouna Mahjoub";"LE11 TD 4"
"Nour Ayari";"LE11 TD 4"
"Mouna Ben Amor";"LE11 TD 5"
"Hassan Fakhfakh";"LE11 TD 5"
"Sara Hafsi";"LE11 TD 5"
"Ali Fakhfakh";"LE11 TD 5"
"Maya Mabrouk";"LE11 TD 5"
"Hassan Trabelsi";"LE11 TD 6"
"Amine Ayari";"LE11 TD 6"
"Ali Jaziri";"LE11 TD 6"
"Ahmed Kacem";"LE11 TD 6"
"Karim Hafsi";"LE11 TD 6"
"Lina Mabrouk";"LE11 TD 7"
"Salma Kacem";"LE11 TD 7"
"Maya Benzarti";"LE11 TD 7"
"Sara Mabrouk";"LE11 TD 7"
"Amine Saidi";"LE11 TD 7"
"Mohamed Gharbi";"LE11 TD 8"
"Mouna Mansour";"LE11 TD 8"
"Omar Saidi";"LE11 TD 8"
"Mouna Trabelsi";"LE11 TD 8"
"Salma Mansour";"LE11 TD 8"
"Nour Saidi";"LE11 TD 9"
"Hassan Fakhfakh";"LE11 TD 9"
"Ahmed Trabelsi";"LE11 TD 9"
"Mohamed Fakhfakh";"LE11 TD 9"
"Sara Saidi";"LE11 TD 9"
"Nour Kacem";"LE11 TD 10"
"Salma Fakhfakh";"LE11 TD 10"
"Salma Mabrouk";"LE11 TD 10"
"Ahmed Benzarti";"LE11 TD 10"
"Youssef Haddad";"LE11 TD 10"
"Youssef Mabrouk";"LE11 TD 11"
"Amine Hafsi";"LE11 TD 11"
"Ali Trabelsi";"LE11 TD 11"
"Lina Khaldi";"LE11 TD 11"
"Salma Ben Amor";"LE11 TD 11"
"Amine Hafsi";"LE11 TD 12"
"Youssef Kacem";"LE11 TD 12"
"Mouna Saidi";"LE11 TD 12"
"Mohamed Mabrouk";"LE11 TD 12"
"Salma Fakhfakh";"LE11 TD 12"
"Karim Ayari";"LE11 TD 13"
"Sara Kacem";"LE11 TD 13"
"Nour Mahjoub";"LE11 TD 13"
"Hassan Hafsi";"LE11 TD 13"
"Nour Kacem";"LE11 TD 13"
"Aya Trabelsi";"LE11 TD 14"
"Sara Kacem";"LE11 TD 14"
"Karim Hafsi";"LE11 TD 14"
"Hassan Haddad";"LE11 TD 14"
"Salma Trabelsi";"LE11 TD 14"
"Omar Gharbi";"LE11 TD 15"
"Salma Ben Amor";"LE11 TD 15"
"Nour Ben Amor";"LE11 TD 15"
"Lina Saidi";"LE11 TD 15"
"Mohamed Ben Amor";"LE11 TD 15"
"Maya Kacem";"LE11 TD 16"
"Nour Ben Amor";"LE11 TD 16"
"Nour Saidi";"LE11 TD 16"
"Aya Saidi";"LE11 TD 16"
"Ali Benzarti";"LE11 TD 16"
"Amine Mansour";"LE11 TD 17"
"Lina Benzarti";"LE11 TD 17"
"Hassan Khaldi";"LE11 TD 17"
"Maya Ayari";"LE11 TD 17"
"Salma Jaziri";"LE11 TD 17"
"Ahmed Benzarti";"LE11 TD 18"
"Lina Trabelsi";"LE11 TD 18"
"Amine Saidi";"LE11 TD 18"
"Ali Kacem";"LE11 TD 18"
"Mouna Mahjoub";"LE11 TD 18"
"Hassan Ben Amor";"LE11 TD 19"
"Mohamed Mabrouk";"LE11 TD 19"
"Sara Gharbi";"LE11 TD 19"
"Salma Kacem";"LE11 TD 19"
"Lina Mabrouk";"LE11 TD 19"
"Omar Kacem";"LE11 TD 20"
"Ali Ben Amor";"LE11 TD 20"
"Hassan Khaldi";"LE11 TD 20"
"Maya Jaziri";"LE11 TD 20"
"Aya Hafsi";"LE11 TD 20"
"Mouna Khaldi";"LE11 TD 21"
"Mohamed Kacem";"LE11 TD 21"
"Hassan Hafsi";"LE11 TD 21"
"Mouna Hafsi";"LE11 TD 21"
"Mohamed Hafsi";"LE11 TD 21"
"Lina Gharbi";"LE11 TD 22"
"Karim Benzarti";"LE11 TD 22"
"Karim Fakhfakh";"LE11 TD 22"
"Salma Kacem";"LE11 TD 22"
"Ahmed Saidi";"LE11 TD 22"
"Youssef Jaziri";"LE11 TD 23"
"Aya Mabrouk";"LE11 TD 23"
"Mouna Gharbi";"LE11 TD 23"
"Sara Trabelsi";"LE11 TD 23"
"Mohamed Kacem";"LE11 TD 23"
"Sara Mansour";"LE11 TD 24"
"Mohamed Jaziri";"LE11 TD 24"
"Karim Mahjoub";"LE11 TD 24"
"Lina Mahjoub";"LE11 TD 24"
"Amine Ayari";"LE11 TD 24"
"Maya Gharbi";"LE11 TD 25"
"Maya Hafsi";"LE11 TD 25"
"Omar Mahjoub";"LE11 TD 25"
"Ali Mabrouk";"LE11 TD 25"
"Amine Trabelsi";"LE11 TD 25"
"Maya Ayari";"LE11 TD 26"
"Nour Benzarti";"LE11 TD 26"
"Amine Trabelsi";"LE11 TD 26"
"Lina Haddad";"LE11 TD 26"
"Nour Kacem";"LE11 TD 26"
"Maya Mansour";"LE11 TD 27"
"Hassan Ben Amor";"LE11 TD 27"
"Amine Fakhfakh";"LE11 TD 27"
"Mohamed Fakhfakh";"LE11 TD 27"
"Maya Mahjoub";"LE11 TD 27"
"Salma Fakhfakh";RV51
"Lina Jaziri";RV51
"Hassan Hafsi";RV51
"Hassan Fakhfakh";RV51
"Salma Kacem";RV51
"Mohamed Ben Amor";"RV51 Ex 1"
"Aya Jaziri";"RV51 Ex 1"
"Salma Kacem";"RV51 Ex 1"
"Mohamed Gharbi";"RV51 Ex 1"
"Mouna Ben Amor";"RV51 Ex 1"
"Karim Saidi";RV53
"Mohamed Saidi";RV53
"Hassan Hafsi";RV53
"Amine Jaziri";RV53
"Nour Mabrouk";RV53
"Salma Kacem";"RV53 Ex 1"
"Ali Gharbi";"RV53 Ex 1"
"Karim Benzarti";"RV53 Ex 1"
"Ahmed Haddad";"RV53 Ex 1"
"Salma Ayari";"RV53 Ex 1"
